question,prediction,truth,exact_match,f1
Diện tích Ấn Độ Dương?,75.000.000 km²,75.000.000 km²,1,1.0
Ấn Độ Dương chiếm bao nhiêu phần trăm nước?,20%,20%,1,1.0
Ấn Độ dương giáp nước nào ở phía Tây?,Ả Rập,bán đảo Ả Rập và châu Phi. Ấn Độ Dương,0,0.33333333333333337
Tên gọi khác của ấn độ dương?,Tiểu Tây Dương.,Tiểu Tây Dương,0,0.6666666666666666
Phía bắc ấn độ dương giáp bởi nước nào ngoài Ấn Độ và Pakistan,"Iran,",Iran,0,0.0
Đại dương nào được đặt theo tên của Ấn Độ?,Tiểu Tây Dương.,Ấn Độ Dương,0,0.0
Tiểu Tây Dương là gì?,đại dương,Ấn Độ Dương,0,0.0
Ai gọi Ấn Độ dương là Tiểu tây dương?,Sử sách tiếng Việt,Sử sách tiếng Việt,1,1.0
Phía đông của Ấn độ dương giáp bởi đâu?,Đông Nam Á,Đông Nam Á,1,1.0
Cụ thể phía đông của Ấn độ dương giáp bởi đâu?,Đông Nam Á,"Myanma, Thái Lan, Malaysia, Indonesia",0,0.0
Ranh giới đại tây dương và ấn độ dương ở đâu?,"nằm ở kinh tuyến 20° Đông,",kinh tuyến 20° Đông,0,0.6
Thể tích Ấn độ dương?,292.131.000 km³.,292.131.000 km³,0,0.5
Ranh giới giữa Ấn Độ dương về phía Bắc ở đâu?,khoảng 30 độ Bắc trong vịnh Ba Tư.,30 độ Bắc trong vịnh Ba Tư,0,0.7999999999999999
Bề rộng của Ấn độ dương?,75.000.000 km²,73.556.000 km²,0,0.5
Đảo Tasmania nằm ở đâu?,các điểm cực địa lý của châu Đại Dương,phía nam của mũi Agulhas,0,0.14285714285714285
Bề rộng của Ấn đô dương giáp bởi đâu?,Nam Băng Dương.,giữa Úc và châu Phi,0,0.0
Kinh tuyến 20 Đông của Ấn Độ dương tại đâu?,ranh giới giữa Ấn Độ Dương và Đại Tây Dương,Đại Tây Dương,0,0.4615384615384615
Phía Nam của Ấn độ dương giáo tại đâu?,hướng Nam,Nam Đại Dương,0,0.4
Phía Nam của Ấn Độ Dương giáp ở vĩ tuyến nào?,60° Nam,60° Nam,1,1.0
Ranh giới của Ấn độ dương do ai quy ước?,"quốc tế,",quốc tế,0,0.5
ATP là gì rứa?,là Hiệp hội quần vợt của các tay vợt nam.,Association of Tennis Professionals,0,0.0
Hộ quần vợt chuyên nghiệp viết tắt là gì rứa?,"ATP),",ATP,0,0.0
Tên tiếng Anh của hội vợt chuyên nghiệp?,"Association of Tennis Professionals,",Association of Tennis Professionals,0,0.75
Hội quần vợt chuyên ngiệp nữ là gì?,"WTA,",WTA,0,0.0
Ai điều hành WTA?,Liên đoàn quần vợt Quốc tế.,Liên đoàn quần vợt Quốc tế,0,0.8333333333333334
ATP thành lập khi nào?,"1972,",1972,0,0.0
Hội nào không tổ chức giải quần vợt cho Nam?,Hiệp hội quần vợt nhà nghề,"trừ Grand Slam, Davis Cup bởi ITF; ATP World Tour Finals cùng với ITF",0,0.0
Liên đoàn vợt quốc tế gồm ai quản lí?,ATP và WTA,Liên đoàn quần vợt Quốc tế,0,0.0
北冰洋 là gì rứa?,"là đại dương nhỏ nhất trong năm đại dương của Trái Đất,",Bắc Băng Dương,0,0.0
Viết Bắc băng Dương bằng tiếng hán?,Ấn,北冰洋,0,0.0
Đại dương bé nhất Trái Đất là gì?,Bắc Băng Dương.,Bắc Băng Dương,0,0.6666666666666666
Bắc băng dương sâu bao nhiêu?,1.038 mét.,1.038 mét,0,0.5
Bắc băng dương được bao quanh bởi nơi nào?,"Bao quanh bởi các vùng đất của Liên bang Nga,","các vùng đất của Liên bang Nga, Hoa Kỳ (vùng Alaska), Canada, Na Uy, Đan Mạch (vùng Greenland)",0,0.5
"Ngoài Nga, Canada, Na Uy, Đan Mạch thì Bắc Băng dương còn được bao bởi đâu?",Hoa Kỳ,Hoa Kỳ (vùng Alaska),0,0.6666666666666666
Độ mặn của đại dương nào thấp nhất so với các đại dương lớn?,nó,Bắc Băng Dương,0,0.0
Tại sao bắc băng dương lại ít mặn hơn các đại dương khác?,"Theo thứ tự diện tích giảm dần,","tốc độ bốc hơi thấp, lượng nước ngọt đổ vào từ các sông và suối lớn và có ít liên hệ với các đại dương và vực nước xung quanh",0,0.0
Tuyết ở cực bắc quanh năm như thế nào?,băng tuyết bao phủ hoàn toàn vào mùa đông và một phần quanh năm.,một phần,0,0.25
Ai đã đặt tên Bắc cực là Eschate Thule?,Pytheas của Massilia,Pytheas,0,0.5
Pytheas sống ở đâu?,hiện.,Massilia,0,0.0
Nhà thám hiểm cua Massilia đã thăm quan bắc cực khi nào?,"năm 325 TCN,",325 TCN,0,0.4
Người ta đã khám phá hết Bắc cực chưa?,chưa được khám phá,phần lớn chưa được khám phá,0,0.8
Pytheas đã nêu đặc trưng của cực Bắc như thế nào?,nơi,nơi Mặt Trời chỉ có 3 giờ mỗi ngày và mặt nước bị thay thế bằng một chất đông cứng,0,0.09523809523809523
Chất đông cứng ở Cực bắc là gì?,mặt nước,trên đó người ta không thể đi bộ cũng như không thể đi bằng tàu,0,0.0
Bản đồ nào vẽ Eschate Thule là vùng Đất?,"bản đồ năm 1507 của Johannes Ruysch,","bản đồ năm 1507 của Johannes Ruysch, hay bản đồ năm 1595 của Gerardus Mercator",0,0.6363636363636364
Ai đã đề nghị cực Bắc là vùng nước trong bản đồ?,Martin Waldseemüller).,bản đồ thế giới năm 1507,0,0.0
Ai đã vẽ bản đồ thế giới 1507?,"Johannes Ruysch,",Martin Waldseemüller,0,0.0
Mặt trời chiếu trên cực Bắc khoảng bao lâu trong 1 ngày?,4 tháng 7).,3 giờ,0,0.0
Từ Thule trong 'Eschate Thule' có nghĩa là gì?,Na Uy, Na Uy qua quần đảo Faroe hoặc đảo Shetland,0,0.3636363636363636
Bill Gate sinh năm nào?,1955),1955,0,0.0
Sinh nhật của Bill Gate?,ngày 28 tháng 10 năm 1955),ngày 28 tháng 10 năm 1955,0,0.8333333333333334
Chủ tịch Microsoft là ai?,Tôn Đức Thắng,"William Henry ""Bill"" Gates III",0,0.0
Microsoft là gì?,Preview.,hãng phần mềm khổng lồ mà ông cùng với Paul Allen đã sáng lập ra,0,0.0
Ai là người giàu nhất năm 2000?,Bill Gates,"William Henry ""Bill"" Gates III",0,0.28571428571428575
Bill Gate là người giàu thứ mấy thế giới năm 2008,thứ ba.,xếp thứ ba,0,0.4
Bill Gate xếp thứ 2 về độ giàu khi nào?,tháng 3/2011 (hạng 2),"tháng 3/2013, 3/2012, tháng 3/2011",0,0.4444444444444445
Ngoài 2011 và 2013 thì Bill Gate giàu thứ 2 vào năm nào?,2008,2012,0,0.0
Giá trị tài sản hiện tại của Gate?,"độ mặn trung bình của 5 đại dương lớn,","77,8 tỷ đô la Mỹ",0,0.0
Gate sáng lập Microsoft cùng với ai?,Preview.,Paul Allen,0,0.0
Châu Đại dương bao gồm nơi nào?,Bắc Băng Dương.,"Melanesia, Micronesia, Polynesia và Australasia",0,0.0
Châu Đại Dương nằm ở đâu?,"Trái Đất,",trải trên Đông Bán cầu và Tây Bán cầu,0,0.0
"Dân số trên Melanesia, Micronesia, Polynesia và Australasia?",khoảng 40 triệu.,8.525.989 km²,0,0.0
Châu lục nào có diện tích đất liền nhỏ nhất?,Châu Đại Dương,Châu Đại Dương,1,1.0
Châu lục nào có dân số nhỏ thứ 2?,Châu Đại Dương,Châu Đại Dương,1,1.0
Châu lục nào có dân số nhỏ nhất thế giới?,châu Nam Cực.,châu Nam Cực,0,0.6666666666666666
Ngoài đảo Ogasawara thì đảo nào nằm ở các cực của châu đại dương?,"Hawaii,","Hawaii, đảo Clipperton, quần đảo Juan Fernández, quần đảo Campbell, quần đảo Cocos (Keeling)",0,0.13333333333333333
Đảo Cocos nằm ở đâu?,châu Đại Dương,cực địa lý của châu Đại Dương,0,0.6
Australasia nằm ở đâu?,Châu Đại Dương,Châu Đại Dương,1,1.0
Nước nào có nền kinh tế phát triển cao?,"Úc và New Zeland,",Úc và New Zeland,0,0.75
Nơi nào đông dân nhất ở châu Đại Dương?,Thành phố Hồ Chí Minh,Úc,0,0.0
Một vài quốc gia kém phát triển ở Châu Đại Dương?,Kiribati và Tuvalu.,Kiribati và Tuvalu,0,0.6666666666666666
Thành phố lớn nhất châu Đâi dương?,Sydney,Sydney,1,1.0
Người đầu tiên khám phá Châu đại dương là ai?,James Cook,James Cook,1,1.0
người dân bắt đầu chuyển đến Úc vào khoảng mấy năm trước?,khoảng 50.000 đến 30.000 năm trước.,khoảng 50.000 đến 30.000 năm trước,0,0.8333333333333334
Lần đầu tiên người châu Âu phát hiện châu đại dương là khi nào?,thế kỷ XVI,thế kỷ XVI,1,1.0
Ở Châu đại dương diễn ra cuộc chiến giữa ai?,Ấn,Hoa Kỳ cùng đồng minh Úc của họ với Nhật Bản,0,0.0
Trận chiến lớn nhất trong chiến tranh đông dương?,Hoa Kỳ cùng đồng minh Úc của họ với Nhật Bản.,Trận Điện Biên Phủ,0,0.0
Trận Điện biên phủ diễn ra ở tỉnh nào?,Lai Châu,Lai Châu,1,1.0
Tên gọi hiện nay của nơi diễn ra trận chiến Điện Biên Phủ?,"thành phố Điện Biên Phủ, tỉnh Điện Biên),","thành phố Điện Biên Phủ, tỉnh Điện Biên",0,0.75
Trận Điện biên phủ là trận chiến giữa Pháp và ai?,Quân đội Nhân dân Việt Nam,Quân đội Nhân dân Việt Nam,1,1.0
Quân Đội Pháp gồm lực lượng nào?,"lực lượng viễn chinh Pháp, lê dương Pháp,","lực lượng viễn chinh Pháp, lê dương Pháp, phụ lực quân bản xứ và Quân đội Quốc gia Việt Nam",0,0.4999999999999999
Cuộc kháng chiến chống Pháp xâm lược diễn ra vào năm nào?,(1945 – 1954),1945 – 1954,0,0.3333333333333333
"Trong trận chiến điện biên phủ, ai chỉ huy QĐNDVN?",Đại tướng Võ Nguyên Giáp,Đại tướng Võ Nguyên Giáp,1,1.0
Pháp đầu hàng khi nào?,"tháng 5 năm 1954,",tháng 5 năm 1954,0,0.75
Trận Điện Biên Phủ diễn ra trong bao lâu?,2 tháng,2 tháng,1,1.0
Số lượng quân mà Pháp đổ vào trong trận Điện Biên Phủ?,16.200 người,16.200,0,0.6666666666666666
Quân đội Pháp có ai ngoài lực lượng viễn chinh?,Việt Nam).,"lê dương Pháp, phụ lực quân bản xứ và Quân đội Quốc gia Việt Nam",0,0.11764705882352941
Ý nghĩa cỉa trận chiến này?,Đây,lần đầu tiên quân đội của một nước thuộc địa châu Á đánh thắng quân đội của một cường quốc châu Âu bằng sức mạnh quân sự,0,0.0
Có bao nhiêu nước đã dành độc lập từ 1960 - 1967?,17,17 nước châu Phi,0,0.4
Pháp được ai trợ giúp trong trận chiến?,Đại tướng Võ Nguyên Giáp,Hoa Kỳ,0,0.0
Sau trận chiến thì tình hình của Pháp như thế nào?,quân,không còn khả năng để tiếp tục ứng chiến,0,0.0
Việt Nam là quốc gia thứ mấy đánh thắng quân đội Pháp?,nhất,lần đầu tiên,0,0.0
Diện tích vùng nước trên Trái Đất?,46%,360.000.000 km2,0,0.0
"Về thể tích, đại dương nào lớn thứ 2 thế giới tính?","Thái Bình Dương,",Đại Tây Dương,0,0.0
Đại dương nào lớn nhất thế giới theo thể tích?,"Thái Bình Dương,",Thái Bình Dương,0,0.6666666666666666
Đại dương nào lớn thứ 3 thế giới về thể tích?,"Thái Bình Dương,",Ấn Độ Dương,0,0.0
Đại dương nào bé nhất thế giới theo thể tích?,Bắc Băng Dương.,Bắc Băng Dương,0,0.6666666666666666
Định nghĩa đại dương?,khối nước mặn tạo nên phần lớn thủy quyển của một hành tinh.,khối nước mặn tạo nên phần lớn thủy quyển của một hành tinh,0,0.9230769230769231
Bao nhiêu phần trăm đại dương thế giới chưa được khám phá?,hơn 95%,95%,0,0.6666666666666666
Đại dương chiếm bao nhiêu % sinh quyển?,90%,90%,1,1.0
Độ sâu của đại dương?,hơn 95% đại dương thế giới chưa được khám phá.,3.700 m,0,0.0
Độ sâu của biển theo ft?,10.911 m (35.797 ft).,12.100 ft,0,0.0
Thể tích đại dương?,đại dương chiếm khoảng 71% bề mặt và 90% sinh quyển.,"1,35 tỷ km3",0,0.0
Có bao nhiêu loài đã biết trong đại dương?,230.000 loài,230.000,0,0.6666666666666666
Ảnh hưởng của đại dương đến sự sống?,khí hậu và các kiểu thời tiết.,không thể thiếu,0,0.0
Nguồn gốc đại dương?,khối nước mặn tạo nên phần lớn thủy quyển của một hành tinh.,hình thành vào thời hỏa thành và có lẽ đã thúc đẩy sự sống xuất hiện,0,0.0
Tỷ lệ đại tây dương so với hành tinh?,1/5 diện tích hành tinh,1/5,0,0.33333333333333337
Đại tây dương lớn thứ mấy?,khoảng 71%,2,0,0.0
Phía Tây đại tây dương là đâu?,châu Mỹ,châu Mỹ,1,1.0
Bề rộng của đại tây đương?,khoảng 9.600 km mỗi năm lại dang rộng thêm 2– 3 cm.,9.600 km,0,0.2857142857142857
Biến thiên chiều rộng của đại tây dương?,3 cm.,2– 3 cm,0,0.4
Đại tây dương nối liền với bắc băng dương bởi gì?,hành lang Drake,Thái bình dương,0,0.0
Hàng lang Drake nằm ở đâu của Đại tây dương?,phía Nam.,phía Bắc,0,0.5
Diện tích đại tây dương?,"khoảng 106.400.000 km²[1],",106.400.000 km²,0,0.4
Thái bình dương nối liền với đại tây dương qua gì?,Bắc Băng Dương về phía Bắc và hành lang Drake về phía Nam.,một công trình nhân tạo,0,0.0
Công trình nhân tạo nối liền đại tây dương và thái bình dương?,Bắc Băng Dương,kênh đào Panama,0,0.0
Ở kinh tuyến 20 Đông của Đại tây dương là đâu?,ranh giới giữa Ấn Độ Dương,Ấn Độ Dương,0,0.6666666666666666
Đại Tây Dương ngăn cách với Bắc băng dương ở đâu?,từ Greenland,một đường kéo dài từ Greenland đến Tây bắc của Iceland và từ phía Đông bắc của Iceland đến cực Nam của Spitsbergen và North Cape về phía Bắc của Na Uy,0,0.11764705882352941
Hình dạng của đại tây dương?,Ấn,hình chữ S,0,0.0
Phía bắc và nam của đại tây dương ngăn cách ở đâu?,dòng nước ngược vùng xích đạo vào khoảng 8 vĩ độ Bắc.,dòng nước ngược vùng xích đạo vào khoảng 8 vĩ độ Bắc,0,0.9166666666666666
North Cape nằm ở đâu?,phía Bắc của Na Uy.,phía Bắc của Na Uy,0,0.8000000000000002
Ai làm ra dota?,Valve Corporation,Valve Corporation,1,1.0
Nguồn gốc dota 2?,chúng được cho là hình thành vào thời hỏa thành,trò chơi Warcraft III: Reign of Chaos và bản mở rộng của nó The Frozen Throne,0,0.0
ARTS là gì?,hành động chiến thuật thời gian thực,trò chơi hành động chiến thuật thời gian thực,0,0.8750000000000001
Dota 2 dựa trên game gì?,Warcraft III: Reign of Chaos,"mod game nổi tiếng, Defense of the Ancients",0,0.15384615384615385
Ai công bố game dota 2?,"Game Informer,",Game Informer,0,0.5
Dota 2 được công bố vào tháng năm nào?,tháng 10 năm 2010,tháng 10 năm 2010,1,1.0
Hệ thống mà Valve đã sử dụng để phát hành và cập nhật Dota 2?,Steam,Steam,1,1.0
Game mở rộng của Warcraft III là gì?,The Frozen Throne.,The Frozen Throne,0,0.6666666666666666
Một trận của dota gồm bao nhiêu đội?,2,2 đội,0,0.6666666666666666
Ancient là gì?,một công trình,Nằm giữa pháo đài mỗi bên là một công trình,0,0.4615384615384615
Điều kiện chiến thắng của 1 trận dota 2?,phá hủy thánh tích của đội đối phương.,một đội phải phá hủy thánh tích của đội đối phương,0,0.7368421052631579
Một nhân vật trong dota 2 do bao nhiêu người chơi điều khiển?,5,Mỗi người chơi,0,0.0
Tên gọi khác của Ancient?,Tiểu Tây Dương.,Thánh tích,0,0.0
Làm thế nào để chiến thắng dota 2?,phá hủy thánh tích của đội đối phương.,phối hợp cùng đồng đội giành lợi thế trên bản đồ,0,0.10526315789473685
Electronic dance music là gì?,Nhạc nhảy điện tử,Nhạc nhảy điện tử,1,1.0
Thuật ngữ hay dùng khi nhắc đến nhạc điển tử?,"EDM,",EDM,0,0.0
Nhạc điện tử là gì?,"EDM,","một thể loại nhạc có tiết tấu mạnh kế thừa từ nhạc disco của những năm 1970 và ở một vài khía cạnh nào đó, nó cũng là những thể nghiệm của nhạc Pop",0,0.0
Nguồn gốc của nhạc điện tử?,Đức.,nhạc disco,0,0.0
Nhạc Disco có từ khi nào?,những năm 1970,năm 1970,0,0.8
Nhờ đâu mà nhạc điện tử thịnh hành?,các lễ hội nhạc nhảy,các lễ hội nhạc nhảy (Dance Festival) và các câu lạc bộ nổi tiếng trên thế giới,0,0.45454545454545453
Trụ sở Facebook?,"Menlo Park, California.","Menlo Park, California",0,0.6666666666666666
Facebook là gì?,Facebook.,một website dịch vụ mạng xã hội và truyền thông xã hội,0,0.0
Ai thành lập Facebook?,Facebook.,Mark Zuckerberg,0,0.0
Facebook được thành lập ngày tháng nào?,Facebook.,ngày 4 tháng 2,0,0.0
Ai giúp đỡ Mark làm Facebook?,Hughes,"bạn bè là sinh viên khoa khoa học máy tính và bạn cùng phòng Eduardo Saverin, Andrew McCollum, Dustin Moskovitz và Chris Hughes khi Mark còn là sinh viên tại Đại học Harvard",0,0.05882352941176471
Ý nghĩa đằng sau cái tên facebook?,Facebook.,bắt nguồn từ cuốn sổ có hình mặt (face book) của tất cả các sinh viên trong các trường đại học Mỹ,0,0.0
Ban đầu thì Facebook dành cho ai?,"giới hạn cho sinh viên ở Harvard,",giới hạn cho sinh viên ở Harvard,0,0.8571428571428571
Sau cùng thì ai được sử dụng Facebook?,bất cứ ai trên 13 tuổi.,bất cứ ai trên 13 tuổi,0,0.8333333333333334
Sau Ivy League thì sinh viên trường nào được xài facebook>,"Boston,",Đại học Stanford,0,0.0
"Các bạn cùng phòng gi11p Zuckerberg làm facebook, ngoài Chris Hughes thì còn ai?","Eduardo Saverin, Andrew McCollum, Dustin Moskovitz","Eduardo Saverin, Andrew McCollum, Dustin Moskovitz",1,1.0
Giới hạn độ tuổi khi xài Facebook sau khi mở rộng ra toàn thế giới?,thay đổi phù hợp theo từng đặc thù của từng quốc gia.,thay đổi phù hợp theo từng đặc thù của từng quốc gia,0,0.8333333333333334
Fields là gì?,trọng.,"giải thưởng được trao cho tối đa 4 nhà toán học không quá 40 tuổi tại mỗi kỳ Đại hội quốc tế (ICM) của Hiệp hội Toán học quốc tế (IMU), được tổ chức 4 năm/lần",0,0.0
Tên viết tắt của hiệp hội toán học quốc tế?,"(IMU),",IMU,0,0.0
Ai là người thành lập nên giải thưởng này?,Alfred Nobel,nhà toán học Canada John Charles Fields,0,0.0
Lần đầu tiên Fields được thưởng là khi nào?,"1936,",1936,0,0.0
Bao nhiêu năm thì Fields được tổ chức 1 lần?,4,4 năm/lần,0,0.6666666666666666
Khoảng thời gian giữa các lần tổ chức Fields?,4 năm/lần.,4 năm/lần,0,0.5
Kể từ bao lâu thì Fields được trao đều đều?,năm 1950,1950,0,0.6666666666666666
IMU là gì?,Hiệp hội Toán học quốc tế,Hiệp hội Toán học quốc tế,1,1.0
Giải thưởng có mục đích gì?,học.,sự công nhận và hỗ trợ cho các nhà toán học trẻ tuổi đã có những đóng góp quan trọng có tính đột phá cho ngành toán học,0,0.0
Chất liệu nào được dùng để chế tạo huy chương?,vàng,vàng 14 carat,0,0.5
Tiền mặt trao thưởng là bao nhiêu?,Huy chương Fields,5.500 đôla Canada,0,0.0
63.5 là số gì của huy chương?,"đường kính 63,5mm",đường kính,0,0.8
Huy chương Fields hay được ví von là gì?,"""Giải Nobel dành cho Toán học"".",Giải Nobel dành cho Toán học,0,0.6666666666666666
Giải Fields được trao cho ai?,nhà toán học không quá 40 tuổi, các nhà toán học có nhiều công trình nghiên cứu hơn là chỉ có 1 nghiên cứu quan trọng,0,0.23076923076923078
Giải Fields được trao cho nhà toán học như thế nào?,không quá 40 tuổi,có nhiều công trình nghiên cứu,0,0.0
FIFA là gì?,Liên đoàn bóng đá thế giới,Liên đoàn bóng đá thế giới,1,1.0
Tên tiếng Pháp của FIFA?,Fédération Internationale de Football Association,Fédération Internationale de Football Association,1,1.0
Phiên âm của Liên đoàn bóng đá thế giới?,FIFA,/ˈfiːfə/,0,0.0
Tên tiếng Anh của Liên đoàn Bóng đá thế giới>,International Federation of Association Football),International Federation of Association Football,0,0.8000000000000002
Liên đoàn bóng đá thế giới có định nghĩa là gì?,"cơ quan quản lý môn bóng đá, futsal và bóng đá bãi biển.","cơ quan quản lý môn bóng đá, futsal và bóng đá bãi biển",0,0.8461538461538461
Ngoài bóng đá và bóng đá bãi biển thì FIFA tổ chức gì?,futsal,futsal,1,1.0
Giải bóng đá quốc tế nổi tiếng là gì?,World Cup,World Cup,1,1.0
World Cup nữ bắt đầu khi nào?,Âu.,1991,0,0.0
World Cup bắt đầu khi nào?,Âu.,1930,0,0.0
Khi nào FIFA được thành lập?,1904,1904,1,1.0
Giải FIFA đầu tiên gồm đội nào thi đấu?,Liên Xô,"Bỉ, Đan Mạch, Đức, Hà Lan, Pháp, Tây Ban Nha, Thụy Điển và Thụy Sĩ",0,0.0
Trụ sở FIFA nằm ở đâu rứa?,"Zürich,",Zürich,0,0.0
Hiện tại FIFA có nhiêu thành viên?,211 quốc gia,211,0,0.5
Liệt kê các liên đoàn châu lục của FIFA?,châu,"châu Á, châu Âu, Bắc & Trung Mỹ và Caribe, châu Đại Dương, Nam Mỹ và châu Phi",0,0.10526315789473684
Quyển kiểm soát luật quốc tế của FIFA?,không,không có quyền kiểm soát luật bóng đá,0,0.2222222222222222
Ai có quyền kiểm soát luật đá banh?,"Ủy ban bóng đá quốc tế),",Ủy ban bóng đá quốc tế,0,0.8333333333333334
Trách nhiệm của FIFA là gì?,"tổ chức và quảng bá cho giải đấu,",việc tổ chức và quảng bá cho giải đấu,0,0.823529411764706
Doanh thu của FIFA đến từ đâu?,tài trợ.,tổ chức và quảng bá cho giải đấu,0,0.0
Lợi nhuận FIFA vào 2013?,"1,3 tỉ đôla Mỹ,",72 triệu,0,0.0
Khi nào FIFA đạt mức dữ trữ 1.4 tỷ đô?,2013,2013,1,1.0
Ngoài Nam Mĩ và Châu Phi thì FIFA có liên đòan ở châu nào?,"châu Đại Dương,","châu Á, châu Âu, Bắc & Trung Mỹ và Caribe, châu Đại Dương",0,0.25
Thiên chúa giáng sinh là gì rứa?,là một ngày lễ kỷ niệm Chúa Giêsu sinh ra đời.,một ngày lễ kỷ niệm Chúa Giêsu sinh ra đời,0,0.8571428571428572
Lễ giáng sinh là gì?,là một ngày lễ kỷ niệm Chúa Giêsu sinh ra đời.,một ngày lễ kỷ niệm Chúa Giêsu sinh ra đời,0,0.8571428571428572
Tên gọi khác của giáng sinh?,"lễ Thiên Chúa giáng sinh, Noel hay Christmas","lễ Thiên Chúa giáng sinh, Noel hay Christmas",1,1.0
Ngoài Christmas ra thì lễ giáng sinh còn gọi là gì?,"lễ Thiên Chúa giáng sinh,","Thiên Chúa giáng sinh, Noel",0,0.8000000000000002
Chúa GieSu sinh ở đâu?,Bethlehem,Bethlehem (Bêlem) thuộc xứ Judea (Giuđêa),0,0.2857142857142857
xứ Judea có tên gọi khác là gì?,Tiểu Tây Dương.,Giuđêa,0,0.0
Tên gọi ngày nay của nơi sinh của chúa?,"1 thành phố của Palestine),",1 thành phố của Palestine,0,0.8000000000000002
Chúa sinh ra vào năm nào?,khoảng giữa năm 7 TCN và năm 2.,khoảng giữa năm 7 TCN và năm 2,0,0.75
Tại sao Christmas lại được tổ chức vào ngày 24 tháng 12?,đêm.,"theo lịch Do Thái, thời điểm tính bắt đầu một ngày là lúc hoàng hôn chứ không phải nửa đêm",0,0.0
Ngày giáng sinh chính thức là ngày nào?,ngày 25 tháng 12,25,0,0.4
Ngày 24/12 được gọi là ngày gì?,"lễ đêm 24 tháng 12 gọi là ""lễ vọng""",lễ vọng,0,0.1818181818181818
Ngày lễ chính ngày là ngày nào?,ngày 25 tháng 12,25,0,0.4
Ngày lễ chính ngày là ngày tháng nào?,ngày 25 tháng 12,ngày 25 tháng 12,1,1.0
"Giữa lễ vọng và lễ chính ngày, ngày nào nhiều người tham dự hơn?",lễ đêm 24 tháng 12,lễ vọng,0,0.28571428571428575
"Giữa 25/12 và 24/12, ngày nào nhiều người tham dự hơn?",ngày 25 tháng 12,24 tháng 12,0,0.5714285714285715
Ngày giáng sinh theo lịch Gregorius là ngày nào?,ngày 7 tháng 1,ngày 7 tháng 1,1,1.0
Người Nga dùng lịch nào để định giáng sinh?,sử dụng lịch Julius,Julius,0,0.4
Ai sử dụng lịch Julius cho ngày giáng sinh,"Nhiều giáo hội Chính thống giáo Đông phương như ở Nga, Gruzia","Nhiều giáo hội Chính thống giáo Đông phương như ở Nga, Gruzia",1,0.9166666666666666
Go là gì?,một ngôn ngữ lập trình mới,một ngôn ngữ lập trình mới do Google thiết kế và phát triển,0,0.631578947368421
Ngôn ngữ nào mà Google mới phát triển?,Go,Go,1,1.0
Go có gì hay?,khác.,giúp ngành công nghiệp phần mềm khai thác nền tảng đa lõi của bộ vi xử lý và hoạt động đa nhiệm tốt hơn,0,0.0
Ai là người đã phát thảo Go?,Google,"Robert Griesemer, Rob Pike và Ken Thompson",0,0.0
Năm nào thì ý tưởng Go được ra đời?,"10/11/2009,",2007,0,0.0
Năm nào thì ý tưởng Go được ra đời trên bảng trắng?,đấu.,2007,0,0.0
Khi nào thì các tiêu chí xây dựng Go được chốt?,ngày sau,Vài ngày sau đó,0,0.6666666666666666
Ngày tháng nào thì ý tưởng Go được hình thành trên bảng trắng?,ngày 21/9/2007,21/9,0,0.0
Ai là người xây dựng biên dịch C?,Kem Thompson,Kem Thompson,1,1.0
Khi nào thì Go mở ra cho cộng động?,trên 13 tuổi.,10/11/2009,0,0.0
Khi nào Go trở thành dự án mã nguồn mở,"ngày 10/11/2009,",10/11/2009,0,0.0
GCC front-end cho Go do ai làm?,Ian Taylor,Ian Taylor,1,1.0
GCC front end cho Go được làm dựa vào đâu?,bản nháp của đặc tả ngôn ngữ này.,bản nháp của đặc tả ngôn ngữ này,0,0.875
Ai đã tham gia vào dự án vào cuối 2008?,Russ Cox,Russ Cox,1,1.0
Ai đã đóng góp ý tưởng cho dự án sau khi Go mở?,cá nhân trong cộng đồng,rất nhiều cá nhân trong cộng đồng,0,0.8333333333333333
Tháng nào thì Kem Thompson xây dựng trình biên dịch?,"Tháng Giêng 2008,",Tháng Giêng,0,0.8
5/2008 thì cái gì đã được phát triển?,một GCC front-end cho Go,GCC front-end,0,0.5714285714285715
Tên khác của giải Grammy?,Gramophone Awards hay đơn giản Grammy),Gramophone Awards,0,0.5
Tên đơn giản của Giải grammy?,Grammy),Grammy,0,0.0
Grammy là giải gì?,âm nhạc,một giải thưởng được tổ chức bởi Viện thu âm nghệ thuật và khoa học quốc gia của Hoa Kỳ cho những thành tựu xuất sắc trong ngành công nghiệp thu âm,0,0.058823529411764705
Giải Grammy do ai tổ chức?,Viện thu âm nghệ thuật và khoa học quốc gia của Hoa Kỳ,Viện thu âm nghệ thuật và khoa học quốc gia của Hoa Kỳ,1,1.0
Giải Grammy dành cho ai?,âm nhạc,những thành tựu xuất sắc trong ngành công nghiệp thu âm,0,0.15384615384615385
Neil Portnow là ai?,Chủ tịch hiện nay của viện hàn lâm,Chủ tịch hiện nay của viện hàn lâm,1,1.0
Độ quan trọng của giải Grammy?,Giải,"giải thưởng danh giá nhất trong lĩnh vực âm nhạc toàn thế giới, tương đương với giải Oscar trong lĩnh vực điện ảnh",0,0.0
Người ta hay so sánh giải Grammy với giải gì?,Oscar,giải Oscar trong lĩnh vực điện ảnh,0,0.25
Giải Grammy lần đầu tiên tổ chức vào tháng mấy? ,5,5,1,1.0
Lễ Grammy được tổ chức đàu tiên vào lúc nào?,ngày 04 Tháng 5 1959,ngày 04 Tháng 5 1959,1,1.0
Giải Grammy dùng để làm gì?,những thành tựu xuất sắc trong ngành công nghiệp thu âm.,tôn vinh và tỏ lòng kính trọng những thành tựu âm nhạc với các nghệ sĩ,0,0.2222222222222222
Hollywood là gì? ,"là một khu của thành phố Los Angeles, California, Hoa Kỳ,","một khu của thành phố Los Angeles, California, Hoa Kỳ, nằm về phía tây bắc của thành phố này",0,0.6666666666666666
Los Angeles nằm ở đâu?,"California, Hoa Kỳ,","California, Hoa Kỳ",0,0.6666666666666666
Hollywood được ví von là gì?,"một trung tâm lịch sử điện ảnh,",một trung tâm lịch sử điện ảnh,0,0.8571428571428571
Cái gì là đại diện của điện ảnh Hoa kỳ?,Hollywood,Hollywood,1,1.0
Hollywood là đại diện của ai?,ngành giải trí và điện ảnh của Hoa Kỳ.,ngành giải trí và điện ảnh của Hoa Kỳ,0,0.8888888888888888
Hollywood được mở rộng là vùng nào?,"Burbank và Westside,",vùng lân cận,0,0.0
Hollywood được mở rộng ra vùng lân cận nào?,"Burbank và Westside,",Burbank và Westside,0,0.6666666666666666
Những nghành nào được duy trì tại Hollywood?,ảnh,quan trọng,0,0.0
Những nghành quan trọng nào được duy trì tại Hollywood?,biên,"biên tập, kỹ xảo, hậu sản xuất và ánh sáng trong phim ảnh",0,0.14285714285714288
Phần mềm nào cho phép chia sẻ ảnh miễn phí?,Instagram,Instagram,1,1.0
Instagram là gì?,một phần mềm chia sẻ ảnh,"một phần mềm chia sẻ ảnh miễn phí cho phép người dùng chụp ảnh trên điện thoại của mình, thêm các bộ lọc hình ảnh, và sau đó chia sẻ trên nhiều mạng xã hội khác nhau, kể cả Instagram",0,0.2608695652173913
Hình dạng ảnh chụp trên Instagram?,hình vuông,hình vuông với tỉ lệ 4:3,0,0.5
Tỉ lệ hình chụp Instagram?,4:3,4:3,1,1.0
Tại sao instagram lại sử dụng hình tỉ lệ 4:3?,"thiết kế dành riêng cho iPad, iPhone và iPod Touch.",thường được dùng trong các thiết bị di động,0,0.10526315789473685
Hình ảnh trên instagram thường chụp bằng gì?,điện thoại,các thiết bị di động,0,0.0
Ban đầu thì Instagram thiết kế cho điện thoại nào?,"iPad, iPhone và iPod Touch.","iPad, iPhone và iPod Touch",0,0.8000000000000002
Instagram được thiết kế cho điện thoại nào?,"iPad, iPhone và iPod Touch.","iPad, iPhone và iPod Touch",0,0.8000000000000002
Sau iPad thì Instagram hỗ trợ cho máy điện thoại nào?,các dòng máy chạy hệ điều hành Android 2.2 trở lên,dòng máy chạy hệ điều hành Android 2.2,0,0.8421052631578948
Khi nào thì Instagram hỗ trợ android?,tháng 4 năm 2012.,tháng 4 năm 2012,0,0.75
Instagram trên android phát hành ở đâu?,Google Play.,Google Play,0,0.5
Instagram trên android tải về ở đâu?,Google Play.,Google Play,0,0.5
Facebook trả bao nhiêu để mua Instagram?,1 tỷ đô-la tiền mặt,1 tỷ đô-la tiền mặt và cổ phiếu,0,0.7692307692307693
Khi nào Instagram bị facebook mua lại?,tháng 4 năm 2012.,tháng 4 năm 2012,0,0.75
Liên minh huyền thoại viêt tắt là gì?,nhất.,LMHT,0,0.0
League of Legends là gì?,Liên Minh Huyền Thoại,một trò chơi video đấu trường trận chiến trực tuyến nhiều người chơi,0,0.0
Hệ điều hành nào hỗ trợ LOL?,"Microsoft Windows và Mac OS X,",Microsoft Windows và Mac OS X,0,0.8333333333333334
LOL bắt nguồn từ đâu?,"Mỹ,",mod Defense of the Ancients cho trò chơi video Warcraft III: Frozen Throne,0,0.0
MOBA là gì?,Multiplayer Online Battlefield Arena),Multiplayer Online Battlefield Arena,0,0.75
LMHT có trả phí hay không?,miễn phí,được chơi miễn phí,0,0.6666666666666666
Liên minh huyền thoại công bố khi nào?,ngày 7 tháng 10 năm 2008,ngày 7 tháng 10 năm 2008,1,1.0
Liên minh huyền thoại phát hành năm nào?,2008,2009,0,0.0
Phản hồi của người chơi khi Liên minh huyền thoại được phát hành?,"đón nhận rất tích cực,","rất tích cực, và trở nên phổ biến",0,0.4615384615384615
Liên Minh Huyền Thoại được chơi nhiều nhất ở đâu?,Bắc Mỹ và Châu Âu,Bắc Mỹ và Châu Âu,1,1.0
Đến lúc nào thì Liên minh huyền thoại đạt 67 triệu người chơi?,tháng 1 năm,tháng 1 năm 2014,0,0.8571428571428571
Đến lúc nào thì Liên minh huyền thoại đạt 70 triệu người chơi?,"tháng 1 năm 2014,",tháng 1 năm 2014,0,0.75
Mỗi ngày liên minh có nhiêu người chơi?,27 triệu,27 triệu người,0,0.8
Giờ cao điểm thì liên minh có bao người chơi?,"7,5 triệu","7,5 triệu",1,1.0
Ai đã nói rằng liên minh được chơi nhiều nhất ở Bắc Mỹ và Châu Âu?,Forbes,một bài báo của Forbes,0,0.33333333333333337
Kí hiệu mặt trăng?,☾),☾,0,0.0
Luna là gì?,Mặt Trăng,Mặt Trăng,1,1.0
Luna là gì của mặt trăng?,là vệ tinh tự nhiên lớn thứ năm trong Hệ Mặt Trời.,tiếng Latin,0,0.0
Mặt trăng là gì?,là vệ tinh tự nhiên lớn thứ năm trong Hệ Mặt Trời.,vệ tinh tự nhiên duy nhất của Trái Đất và là vệ tinh tự nhiên lớn thứ năm trong Hệ Mặt Trời,0,0.6470588235294118
Vệ tinh duy nhất của trái đất là gì?,Mặt Trăng,Mặt Trăng,1,1.0
Mặt trăng là vệ tinh lớn như thế nào trong hệ mặt trời?,lớn thứ năm,thứ năm,0,0.8
384.403 km là số gì?,Khoảng cách trung bình tính từ tâm Trái Đất đến Mặt Trăng,Khoảng cách trung bình tính từ tâm Trái Đất đến Mặt Trăng,1,1.0
Từ mặt trăng đến trái đất dài bao nhiêu?,"384.403 km,",384.403 km,0,0.5
So sánh độ dài mặt trăng đến trái đất với đường kính trái đất?,"Đường kính Mặt Trăng là 3.474 km,",lớn khoảng 30 lần,0,0.0
Đường kính mặt trăng lớn cỡ nhiêu đường kính Trái đất?,"3.474 km, tức hơn một phần tư đường kính Trái Đất.",hơn một phần tư,0,0.5333333333333333
So sánh đường kính mặt trăng và trái đất?,đường kính Trái Đất.,hơn một phần tư,0,0.0
Đường kính mặt trăng?,"3.474 km,",3.474 km,0,0.5
So sánh khối lượng mặt trăng và trái đất?,Mặt Trăng khoảng bằng 2% khối lượng Trái Đất,bằng 2%,0,0.3636363636363636
So sánh lực hấp dẫn trái đất và mặt trăng?,bằng 17% lực hấp dẫn trên bề mặt Trái Đất., lực hấp dẫn tại bề mặt Mặt Trăng bằng 17% lực hấp dẫn trên bề mặt Trái Đất,0,0.6428571428571429
Lực hấp dẫn mặt trăng và trái đất?,17%,bằng 17%,0,0.6666666666666666
Chu kì quỹ đạo của mặt trăng quanh trái đất?,"27,32 ngày,","27,32 ngày",0,0.5
"Các pha mặt trăng sau 29,53 ngày do gì gây ra?",Mặt Trăng – Mặt Trời,các biến đổi định kỳ trong hình học của hệ Trái Đất – Mặt Trăng,0,0.3
Lí do của các pha mặt trăng?,Mặt Trăng – Mặt Trời,biến đổi định kỳ trong hình học của hệ Trái Đất – Mặt Trăng – Mặt Trời,0,0.3636363636363636
Chu kì pha mặt trăng?,Mặt Trăng quay một vòng quanh Trái Đất,"giao hội 29,53 ngày",0,0.0
So sánh mặt trời và hệ mặt trời?,Mặt Trời,"chiếm khoảng 99,86%",0,0.0
Định nghĩa mặt trời?,"là ngôi sao ở trung tâm Hệ Mặt Trời,",ngôi sao ở trung tâm Hệ Mặt Trời,0,0.823529411764706
Thứ gì xoay quanh Mặt trời?,bụi,"Trái Đất và các thiên thể khác như các hành tinh, tiểu hành tinh, thiên thạch, sao chổi, và bụi",0,0.09523809523809523
Ngoài thiên thể thì thứ gì quay quanh Mặt trời?,Trái Đất,Trái Đất,1,1.0
Độ dài giữa Mặt trời và Trái Đất?,"149,6 triệu kilômét","149,6 triệu kilômét",1,1.0
Khoảng cách giữa Trái Đất và mặt trời?,"149,6 triệu kilômét","149,6 triệu kilômét",1,1.0
1 AU là bao nhiêu km?,"147,1 triệu kilômét","149,6 triệu",0,0.4
Khoảng thời gian cần thiết để ánh sáng chiếu đến Trái đất?,8 phút 19 giây,8 phút 19 giây,1,1.0
Dao động khoảng cách giữa trái đất và mặt trời?,7).,"từ 147,1 triệu kilômét (0,9833 AU) ở điểm cận nhật (khoảng ngày 3 tháng 1), tới xa nhất là 152,1 triệu kilômét (1,017 AU) ở điểm viễn nhật (khoảng ngày 4 tháng 7)",0,0.0
Thời điểm mà khoảng cách từ mặt trời đến trái đất xa nhất là khi nào?,điểm viễn nhật (khoảng ngày 4 tháng 7).,khoảng ngày 4 tháng 7,0,0.4615384615384615
Khoảng cách gần nhất từ mặt trời đến trái đất là bao lâu?,"149,6 triệu kilômét","147,1 triệu kilômét",0,0.6666666666666666
Khoảng cách xa nhất từ mặt trời đến trái đất theo đơn vi AU,"152,1 triệu kilômét","1,017",0,0.0
Điểm viễn nhật là điểm gì?,"tới xa nhất là 152,1 triệu kilômét",xa nhất,0,0.4444444444444445
Điểm cận nhật là vào lúc nào?,"ngày 3 tháng 1),",khoảng ngày 3 tháng 1,0,0.6666666666666665
Sự sống trái đất được mặt trời hỗ trợ qua việc gì?,Đất.,quá trình quang hợp,0,0.0
Điều kiện khí hậu trên Trái đất chịu ảnh hưởng bởi gì?,Năng lượng Mặt Trời,Năng lượng Mặt Trời,1,1.0
Messi tên đầy đủ là gì?,"Lionel Andrés ""Leo"" Messi Cuccittini","Lionel Andrés ""Leo"" Messi Cuccittini",1,1.0
Messi sinh năm mấy?,"1987),",1987,0,0.0
Sinh nhật Messi?,"ngày 24 tháng 6 năm 1987),",ngày 24 tháng 6 năm 1987,0,0.8333333333333334
Người ta hay gọi Messi là gì?,"Lionel Messi,",Lionel Messi,0,0.5
Messi đá banh ở vị trí nào?,tiền đạo,tiền đạo,1,1.0
Messi đá banh cho nước nào?,Argentina,Argentina,1,1.0
Quốc tịch của Messi?,Việt Nam.,Argentina,0,0.0
Năm 2009 Messi đạt được giải thưởng gì?,835,"Quả bóng vàng châu Âu 2009, Cầu thủ xuất sắc nhất năm 2009",0,0.0
Người ta thường hay ví von Messi với ai?,"Diego Maradona,",huyền thoại Diego Maradona,0,0.3333333333333333
Messi xem Diego là gì?,"""truyền nhân""",truyền nhân,0,0.0
Ai là cầu thủ xuất sắc nhất mọi thời đại?,"Lionel Messi,","Lionel Andrés ""Leo"" Messi Cuccittini",0,0.28571428571428575
Ngoài 2010 thì Messi đoạt giải quả bóng vàng năm nào?,2015.,"2011, 2012 và 2015",0,0.0
Giải thưởng Nobel là gì?,là một tập các giải thưởng quốc tế,"một tập các giải thưởng quốc tế được tổ chức trao thưởng hằng năm kể từ năm 1901 cho những cá nhân đạt thành tựu trong lĩnh vực vật lý, hoá học, y học, văn học, kinh tế và hòa bình; đặc biệt là giải hoà bình có thể được trao cho tổ chức hay cho cá nhân",0,0.2424242424242424
Phát âm số ít của Nobel,"Nobelpriset,",Nobelpriset,0,0.0
Tiếng Na uy của giải Nobel?,"Nobelprisen),",Nobelprisen,0,0.0
Giải thưởng Nobel dành cho người ở lĩnh vực gì?,"hoá học, y học, văn học, kinh tế và hòa bình;","vật lý, hoá học, y học, văn học, kinh tế và hòa bình",0,0.6666666666666667
"Ngoài vật lí, hóa học, y học kinh tế và hòa bình thì giải Nobel còn được trao trong lĩnh vực gì?",văn,văn học,0,0.6666666666666666
Giải Nobel được tổ chức bởi do đâu?,Ngân hàng Thụy Điển,di chúc của nhà phát minh người Thụy Điển Alfred Nobel,0,0.26666666666666666
Sau này thì giải Nobel còn được trao cho người ở lĩnh vực gì?,"khoa học kinh tế,",khoa học kinh tế,0,0.75
Đến 2012 thì đã có bao nhiêu giải thưởng được trao?,555 lần,555,0,0.6666666666666666
Đến 2012 thì đã có bao nhiêu cá nhân và tổ chức nhận giải?,21,856,0,0.0
Đã có bao nhiêu người nhận giải tính đến 2012?,835,835,1,1.0
Có bao nhiêu nữ đã nhận giải Nobel tính đến 2012?,44,44,1,1.0
Đã có bao nhiêu nam và nữ nhận giải Nobel từ 2012,835 cá nhân (791 nam và 44 nữ),835,0,0.2222222222222222
Người ta hay gọi Olympic là gì?,Đại hội Thể thao Đông Nam Á,Thế vận hội,0,0.2
Olympic là gì?,Đại hội Thể thao Đông Nam Á,cuộc tranh tài trong nhiều môn thể thao giữa các quốc gia trên toàn thế giới,0,0.08695652173913043
Thế vận hội tổ chức khi nào?,2 năm/lần,xen kẽ nhau 2 năm/lần,0,0.5714285714285715
Như thế nào là xen kẽ 2 năm/lần?,Thế vận hội Mùa hè và Thế vận hội Mùa đông,vào các năm chẵn,0,0.0
Ngoải thế vận hội mùa hè thì còn thế vận hội nào?,Thế vận hội Mùa đông,Thế vận hội Mùa đông,1,1.0
Ỳ nghĩa thế vận hội?,"biểu trưng cho tinh thần đoàn kết, hòa bình của toàn nhân loại.","biểu trưng cho tinh thần đoàn kết, hòa bình của toàn nhân loại",0,0.9230769230769231
OOP là viết tắt của gì?,Liên Minh Huyền Thoại,Lập trình hướng đối tượng,0,0.0
Tên tiếng anh của hướng đối tượng là gì?,"Object-oriented programming,",Object-oriented programming,0,0.5
OOP là gì?,tương tác với các đối tượng vật lý.,"một mẫu hình lập trình dựa trên khái niệm ""công nghệ đối tượng"", mà trong đó, đối tượng chứa đựng các dữ liệu, trên các trường, thường được gọi là các thuộc tính; và mã nguồn, được tổ chức thành các phương thức",0,0.1176470588235294
Theo OOP thì các ta có thể viết mã nguồn thành gì?,Go,phương thức,0,0.0
Mục đích của phương thức trong OOP?,tác,"giúp cho đối tượng có thể truy xuất và hiệu chỉnh các trường dữ liệu của đối tượng khác, mà đối tượng hiện tại có tương tác",0,0.07142857142857142
Ý niệm của nhiều người về OOP?,đó.,dễ tiếp thu hơn cho những người mới học về lập trình hơn là các phương pháp trước đó,0,0.0
Ngôn ngữ lập trình theo lớp là gì?,liệu.,"các đối tượng trong các ngôn ngữ này được xem như thực thể của một lớp, được dùng để định nghĩa một kiểu dữ liệu",0,0.0
Tác dụng của OOP theo ý kiến người dùng?,"giúp tăng năng suất,","tăng năng suất, đơn giản hóa độ phức tạp khi bảo trì cũng như mở rộng phần mềm bằng cách cho phép lập trình viên tập trung vào các đối tượng phần mềm ở bậc cao hơn",0,0.14634146341463414
Theo OOP thì các yếu tố bên ngoài tương tác với chương trình như thế nào?,giống như là tương tác với các đối tượng vật lý.,giống như là tương tác với các đối tượng vật lý,0,0.9090909090909091
Trước đây thì Phan Bội Châu tên gì?,Phan Văn San,Phan Văn San,1,1.0
Tại sao lại chuyển tên Phan Văn San thành tên mới?,Vì San trùng với tên húy vua Duy Tân,San trùng với tên húy vua Duy Tân (Vĩnh San),0,0.8421052631578948
Chữ Bội Châu có cách viết khác là gì?,Phan Văn San,佩珠,0,0.0
Nguồn cảm hứng từ cái tên Sào Nam?,Tên,"lấy từ câu ""越鳥巢南枝 [Việt điểu sào nam chi nghĩa là Chim Việt làm tổ cành Nam].""",0,0.0
Các bút danh của Phan Bội Châu?,vân.,"Thị Hán (是漢), Phan Giải San, Sào Nam Tử, Hạo Sinh, Hiếu Hán vân vân",0,0.0
Phan Bội Châu sinh ra tại đâu?,Phan Văn San,"làng Đan Nhiễm, xã Nam Hòa, huyện Nam Đàn, tỉnh Nghệ An",0,0.0
Văn San sinh năm nào?,Châu.,1867,0,0.0
Mẹ ông tên gì?,Nguyễn Thị Nhàn.,Nguyễn Thị Nhàn,0,0.6666666666666666
Ông tốn bao lâu để học hết Tam Tự Kinh?,3 ngày,3 ngày,1,1.0
Lúc nào thì ông đọc sách Luận ngữ?,7 tuổi,7 tuổi,1,1.0
Năm 17 tuổi thì ông làm gì?,"viết bài ""Hịch Bình Tây Thu Bắc""","viết bài ""Hịch Bình Tây Thu Bắc"" đem dán ở cây đa đầu làng để hưởng ứng việc Bắc Kỳ khởi nghĩa kháng Pháp",0,0.45161290322580644
Ông viết bài Hịch Bình Tây Thu Bắc để làm gì?,hưởng ứng việc Bắc Kỳ khởi nghĩa kháng Pháp.,hưởng ứng việc Bắc Kỳ khởi nghĩa kháng Pháp,0,0.8888888888888888
Vào năm nào thì ông được 19 tuổi,Pháp.,1885,0,0.0
Đội Sĩ tử cần gồm bao nhiêu thành viên?,5,60 người,0,0.0
Đội Sĩ tử cần Vương gồm nhiêu người?,hai,60,0,0.0
Tại sao đội do ông và Lương lập nên lại giải tán?,bị đối phương kéo tới khủng bố,bị đối phương kéo tới khủng bố,1,1.0
Ông đã làm gì cho việc gia cảnh khốn khó?,đi dạy học kiếm sống và học thi.,dạy học kiếm sống và học thi,0,0.6666666666666666
Tại sao ông lại bị kết án suốt đời không được thi?,tội hoài hiệp văn tự,bạn ông là Trần Văn Lương đã cho vào tráp mấy cuốn sách nhưng ông không hề biết,0,0.0
Phản ứng của ông sau khi bị chung thân bất đắc ứng thi?,"Phan Bội Châu vào Huế dạy học,",vào Huế dạy học,0,0.5454545454545454
Hoài hiệp văn tự là gì?,(mang văn tự trong áo),mang văn tự trong áo,0,0.6
Năm nào thì ông đậu ở trường Nghệ An?,"năm Canh Tý (1900),",Canh Tý,0,0.6666666666666666
Năm Canh Tý là năm nào?,"(1900),",1900,0,0.0
PUBG là viết tắt của gì?,PlayerUnknown's Battlegrounds,PlayerUnknown's Battlegrounds,1,1.0
PlayerUnknown's Battlegrounds là gì?,trò chơi điện tử nhiều người chơi trực tuyến,một trò chơi điện tử nhiều người chơi trực tuyến,0,0.8421052631578948
Ai phát hành PUBG?,"PUBG Corp, một chi nhánh của công ty phát hành game Bluehole",PUBG Corp,0,0.14285714285714285
PUGB Corb là gì?,UAE,một chi nhánh của công ty phát hành game Bluehole của Hàn Quốc,0,0.0
Ai đã phát triển game làm tiền đề tro PUBG?,"Brendan ""PlayerUnknown"" Greene","Brendan ""PlayerUnknown"" Greene",1,1.0
PUBG được lấy cảm hứng từ đâu?,Battle Royale,bộ phim năm 2000 Battle Royale,0,0.5
Có bao nhiêu người trong trò chơi?,tối đa một trăm,tối đa một trăm,1,1.0
Làm sao để người chơi có thể giết người chơi khác?,nhặt đồ dùng vũ khí và trang thiết bị,nhặt đồ dùng vũ khí và trang thiết bị,1,1.0
Theo thời gian thì bản đồ trò chơi sẽ ra sao?,nhỏ dần,nhỏ dần,1,1.0
Tại sao lại phải thu hẹp khu vực an toàn trên bản đồ?,không chắc rằng liệu có thể vẽ khu vực xung quanh Bắc cực,", đẩy những người chơi còn lại vào những khu vực hẹp hơn ép buộc họ phải đụng độ với nhau",0,0.11764705882352941
Điều kiện chiến thắng khi chơi?,phá hủy thánh tích của đội đối phương.,Người chơi cuối cùng hoặc đội còn sống cuối cùng,0,0.11111111111111112
Phiên bản Steam của trò chơi phát hành tháng mấy?,tháng 3,3,0,0.6666666666666666
Bản full trên Steam của trò chơi phát hành khi nào?,20 tháng 12 năm 2017.,20 tháng 12 năm 2017,0,0.8000000000000002
Qua Xboc Game Review thì Microsoft đã phát hàng game cho hệ máy nào?,Xbox One,Xbox One,1,1.0
RnB là viết tắt của gì?,Rhythm and Blues,Rhythm and Blues,1,1.0
Ngoài RnB thì còn tên viết tắt nào khác?,Tiểu Tây Dương.,R&B,0,0.0
RnB được ưa chuông khi nào?,thập niên 1940.,trong thập niên 1940,0,0.5714285714285715
Ngoài Jazz thì R&B còn được kết hợp bởi loại nhạc nào khác?,"EDM,",Nhạc phúc âm (nhạc tôn giáo của đạo Cơ đốc bắt nguồn từ Thánh ca) và Blues,0,0.0
Ai biểu diễn R&B lần đầu tiên?,UAE,những người Mỹ gốc Phi,0,0.0
Ca sĩ nào ưa chuộng Rhythm and Blues?,Whitney Houston,diva lừng danh thế giới Whitney Houston,0,0.4444444444444445
Rock là viết tắt của gì?,một thể loại âm nhạc quần chúng,rock and roll,0,0.0
Rock bắt nguồn từ năm nào?,1950,năm 1950 ở Mỹ,0,0.4
Rock tiến hóa thành gì?,rất nhiều tiểu thể loại khác nhau,rất nhiều tiểu thể loại khác nhau,1,1.0
Sức ảnh hưởng của rock lan tới các loại nhạc nào?,blues,"blues và folk, cùng với đó là những tương tác với jazz, nhạc cổ điển, và các thể loại khác",0,0.09523809523809523
Rock khởi nguồn từ rock and roll thời kì nào?,"những năm 1940 và 1950,",những năm 1940 và 1950,0,0.8000000000000002
Loại nhạc nào tác động đến rock?,nhạc R&B và nhạc đồng quê.,nhạc R&B và nhạc đồng quê,0,0.6666666666666666
Cristiano Ronaldo dos Santos Aveiro sinh tháng mấy?,tháng 2,2,0,0.6666666666666666
Ngày tháng năm sinh của Cristiano?,Chúa Giêsu,ngày 5 tháng 2 năm 1985,0,0.0
Tên đầy đủ của CR7?,Tiểu Tây Dương.,Cristiano Ronaldo dos Santos Aveiro,0,0.0
Biệt hiệu của Ronaldo?,"Hải Thụ,",CR7,0,0.0
Nơi mà Ronaldo được sinh ra là đâu?,Bethlehem (Bêlem) thuộc xứ Judea,Bồ Đào Nha,0,0.0
Vị trí trong đội bóng mà CR7 chơi?,tiền vệ cánh hay tiền đạo,tiền vệ cánh hay tiền đạo và là đội trưởng,0,0.625
Đội bóng đá mà CR7 chơi?,Juventus,đội tuyển bóng đá Bồ Đào Nha,0,0.0
CR7 đã bao nhiêu lần đoạt giải quả banh vàng?,5,5,1,1.0
Ai là cầu thủ xuất sắc nhất mọi thời đại?,"Lionel Messi,",Cristiano Ronaldo dos Santos Aveiro,0,0.0
Ronaldo được so sánh với ai về thành tích?,"không thật sự chính xác, bởi vì giới hạn tuổi của giải Fields",Lionel Messi,0,0.0
Tên gọi tiếng Anh của Hỏa tinh?,Mars),Mars,0,0.0
Vị trí của Sao Hỏa trong Thái dương hệ?,là hành tinh thứ tư tính từ Mặt Trời,thứ tư tính từ Mặt Trời,0,0.8
Sao Hỏa có tên gọi khác là gì?,"Hỏa Tinh,",Hành tinh Đỏ,0,0.0
Sao hỏa là hành tinh thứ mấy trong thái dương hệ?,hành tinh thứ tư,thứ tư,0,0.6666666666666666
Lí do đằng sau cái tên hành tinh đỏ?,thần thoại và niềm tin tôn giáo trong nhiều nền văn hóa.,sắt ôxít có mặt rất nhiều trên bề mặt hành tinh làm cho bề mặt nó hiện lên với màu đỏ đặc trưng,0,0.057142857142857134
Tính chất khí quyển của sao hỏa?,"khí quyển mỏng,",mỏng,0,0.0
Bề mặt của Sao hỏa giống với gì?,các,"các hố va chạm trên Mặt Trăng và các núi lửa, thung lũng, sa mạc và chỏm băng ở cực trên của Trái Đất",0,0.07999999999999999
Ngoài mặt trăng thì bề mặt sao Hỏa giống với gì?,các hố,"các núi lửa, thung lũng, sa mạc và chỏm băng ở cực trên của Trái Đất",0,0.1111111111111111
Tại sao các mùa của Sao Hỏa lại giống với trái đất?,do độ nghiêng của trục quay tạo ra.,độ nghiêng của trục quay tạo ra,0,0.7999999999999999
Ngọn núi cao nhất trên hệ mặt trời?,"Olympus Mons,",Olympus Mons,0,0.5
Ngọn núi cao nhất hệ mặt trời nằm ở đâu?,Sao Hỏa,Trên Sao Hỏa,0,0.8
Danh hiệu của Valles Marineris?,hẻm núi dài và rộng nhất trong Thái Dương Hệ.,hẻm núi dài và rộng nhất trong Thái Dương Hệ,0,0.9
Hành tinh thứ 2 trên hệ mặt trời là gì?,Sao Mộc,Sao Kim,0,0.5
Sao Kim hay được gọi là gì?,Kim tinh,"Thái Bạch (太白), Thái Bạch Kim tinh (太白金星)",0,0.4
金星 là gì?,Sao Kim hay Kim tinh,Sao Kim hay Kim tinh,1,0.8000000000000002
Độ dài chu kì quay của Sao Kim?,"tự quay quanh nó với chu kỳ 224,7 ngày Trái Đất.","chu kỳ 224,7 ngày Trái Đất",0,0.5882352941176471
Đâu là hành tinh sáng nhất?,Sao Mộc,Sao Kim,0,0.5
Góc li giác lớn nhất của Sao Kim?,"47,8°.","47,8°",0,0.0
Khi nào Sao Kim sáng nhất?,"ngay sát thời điểm hoàng hôn hoặc bình minh,",ngay sát thời điểm hoàng hôn hoặc bình minh,0,0.8888888888888888
Tại sao Sao Kim còn được gọi là Sao Hôm?,"độ sáng lớn nhất ngay sát thời điểm hoàng hôn hoặc bình minh,",Sao Kim đạt độ sáng lớn nhất ngay sát thời điểm hoàng hôn hoặc bình minh,0,0.8275862068965517
Khi nào người ta gọi Sao Kim là Sao Mai?,khi hành tinh này mọc lên lúc bình minh.,khi hành tinh này mọc lên lúc bình minh,0,0.8888888888888888
Tại sao Sao Kim không bao giờ xuất hiện quá xa mặt trời?,"Bởi vì Sao Kim là hành tinh phía trong tính từ Trái Đất,",Sao Kim là hành tinh phía trong tính từ Trái Đất,0,0.8333333333333333
Vị trí Sao mộc trong hệ mặt trời?,hành tinh lớn nhất,hành tinh thứ năm tính từ Mặt Trời,0,0.3333333333333333
Hành tinh nào lớn nhất?,Sao Mộc,Sao Mộc hay Mộc tinh,0,0.5714285714285715
Khối lượng của mộc tinh so với mặt trời?,bằng một phần nghìn,bằng một phần nghìn,1,1.0
Khối lượng của sao mộc?,một phần tám,bằng một phần nghìn của Mặt Trời nhưng bằng hai lần rưỡi tổng khối lượng của tất cả các hành tinh khác trong Hệ Mặt Trời cộng lại,0,0.12903225806451613
Ngoài Mộc tinh thì hành tinh nào vài hành tinh khí khổng lồ?,Sao Thổ (Sao Thiên Vương và Sao Hải Vương,Sao Thổ,0,0.3636363636363636
Hành tinh nào là hành tinh băng khổng lồ?,Sao Hải Vương,Sao Thiên Vương và Sao Hải Vương,0,0.6
Kí hiệu sao thổ?,土星),♄,0,0.0
Ý nghĩa đằng sao kí hiệu sao thổ?,cái liềm của thần.,thể hiện cái liềm của thần,0,0.6
Bán kính sao thổ?,9 lần,trung bình bằng 9 lần của Trái Đất,0,0.4
Khối lượng sao thổ?,một phần tám so với của Trái Đất.,cao gấp 95 lần khối lượng của Trái Đất,0,0.23529411764705882
Cái gì của Thổ tinh bằng 1 phần 8 so với Trái đất?,khối lượng riêng trung bình,khối lượng riêng trung bình,1,1.0
土星 đứng thứ 2 về cái gì?,"đường kính cũng như khối lượng,",đường kính cũng như khối lượng,0,0.8333333333333334
Tên gọi chính thức của Sing?,Tiểu Tây Dương.,nước Cộng hòa Singapore,0,0.0
Sing là gì?,Singapore,Singapore,1,1.0
Ai gọi Singapore là Sing?,"Việt Nam gọi tắt là Sing), tên chính thức là nước Cộng hòa Singapore,",Ở Việt Nam,0,0.23529411764705882
Singapore là gì?,là một thành bang và đảo quốc tại Đông Nam Á.,một thành bang và đảo quốc tại Đông Nam Á,0,0.8571428571428572
Vị trí của Singapore so với xích đạo?,cách xích đạo 137 km về phía bắc.,137 km về phía bắc,0,0.6153846153846154
Thành phần đất ở Singapore?,"đảo chính hình thoi, và khoảng 60 đảo nhỏ hơn.","một đảo chính hình thoi, và khoảng 60 đảo nhỏ hơn",0,0.761904761904762
Lãnh thổ Singapore?,"một đảo chính hình thoi, và khoảng 60 đảo nhỏ hơn."," gồm có một đảo chính hình thoi, và khoảng 60 đảo nhỏ hơn",0,0.7500000000000001
Johor ngăn cách Singapore với đâu?,quần đảo Riau của Indonesia,Malaysia,0,0.0
Singapore là 1 nước như thế nào?,"quốc gia đô thị hóa cao độ,","quốc gia đô thị hóa cao độ, chỉ còn lại ít thảm thực vật nguyên sinh",0,0.6086956521739131
Cách đọc của kiểu nhảy khiêu vũ kết hợp nhạc?,Tango,tăng-gô,0,0.0
Tango bắt nguồn từ đâu?,Argentina và Uruguay,"khu ngoại ô Buenos Aires, Argentina và Montevideo, Uruguay",0,0.5
Nguồn gốc Tango?,Argentina và Uruguay,những người nô lệ gốc Phi vào cuối thế kỷ 19,0,0.0
Khi nào Tango được Unesco công nhận?,"Ngày 30 tháng 9 năm 2009,",Ngày 30 tháng 9 năm 2009,0,0.8333333333333334
Tango bắt nguồn từ lúc nào?,cuối thế kỷ 19.,cuối thế kỷ 19,0,0.75
Thái Bình Dương là gì?,"là đại dương lớn nhất địa cầu,",đại dương lớn nhất địa cầu,0,0.7692307692307692
Diện tích của Thái bình dương tính theo dặm?,"(63,8 triệu","63,8 triệu",0,0.5
Bao nhiêu vùng nước bị chiếm bởi Thái Bình Dương?,46%,46%,1,1.0
Bao nhiêu bề mặt trái đất bị chiếm bởi Thái Bình Dương?,một phần ba tổng diện tích bề mặt Trái Đất,khoảng một phần ba,0,0.4285714285714285
Đường gì xẻ đôi Thái Bình Dương?,Đường xích đạo,xích đạo,0,0.8
"Thái Bình Dương được chia làm 2 phần, Bắc Thái Bình Dương và gì?","""Nam Thái Bình Dương"".",Nam Thái Bình Dương,0,0.5
Ở phía tây của Thái Bình Dương là đâu?,châu Á và châu Úc,châu Á và châu Úc,1,0.8000000000000002
Bao bọc phía tây và phía bắc của Thái Bình Dương là đâu?,châu Á và châu Úc," từ Bắc Băng Dương ở phía bắc đến Nam Băng Dương (hay châu Nam Cực phụ thuộc định nghĩa) ở phía nam, bao quanh là châu Á và châu Úc ở phía tây",0,0.2105263157894737
Trải dài ở phía Nam và phía đông của Thái Bình Dương là đâu?,Bắc Băng Dương ở phía bắc đến Nam Băng Dương,"Nam Băng Dương (hay châu Nam Cực phụ thuộc định nghĩa) ở phía nam, bao quanh là châu Á và châu Úc ở phía tây và châu Mỹ ở phía đông",0,0.24390243902439024
Nơi nào sâu nhất trái đất?,Mặt Trăng,rãnh Mariana,0,0.0
Mariana ở đâu?,Tây Bắc Thái Bình Dương,Tây Bắc Thái Bình Dương,1,1.0
Độ sâu của nơi sâu nhất trái đất?,1.038 mét.,10.911 m,0,0.0
Độ sâu của nơi sâu nhất trái đất tính theo ft?,1.038 mét.,35.797,0,0.0
Khi nào thái Bình dương được phát hiện lần đầu?,bắc,đầu thế kỷ XVI,0,0.0
Điểm trải dài của đại dương theo Đông tây?,Greenland,từ Indonesia đến bờ biển Colombia,0,0.0
Ai đã qua biển thái bình dương thời tiền sử?,người châu Á và châu Đại Dương,người châu Á và châu Đại Dương,1,0.8571428571428571
Năm nào thì thái bình dương được phát hiện?,xích,1513,0,0.0
Nhà thám hiểm phát hiện thái bình dương đầu tiên đặt tên là gì?,"Mar Pacifico,",Mar del Sur,0,0.4
Nghĩa của từ Mar Pacifico?,"""biển thái bình""",biển thái bình,0,0.3333333333333333
Đức Thắng là ai?,"Thoại Sơn,","một nhà cách mạng, chính khách của Việt Nam",0,0.0
Thắng làm chủ địch nước Việt trong khoảng nào?,từ 22 tháng 9 năm 1969 cho đến 2 tháng 7 năm 1976);,từ 22 tháng 9 năm 1969 cho đến 2 tháng 7 năm 1976,0,0.7692307692307693
Ai là chủ tịch nước trước Tôn Đức Thắng?,"Hồ Chí Minh,",Hồ Chí Minh,0,0.6666666666666666
Ai là chủ tịch đầu tiên của nước cộng hòa xã hội chủ nghĩa việt nam?,Tôn Đức Thắng,Tôn Đức Thắng,1,1.0
Trước khi làm chủ tịch nước thì Thắng làm gì?,Phó Chủ tịch nước,"Phó Chủ tịch nước (1960-1969) và Quyền Chủ tịch nước (từ 2 tháng 9 cho đến 22 tháng 9 năm 1969), Trưởng ban Thường trực Quốc hội Việt Nam (1955-1960) - tương đương với Chủ tịch Quốc hội bây giờ",0,0.18181818181818182
Tôn Đức Thắng sinh ra tại?,sinh ngày 20 tháng 8 năm 1888,"Cù lao Ông Hổ, làng Mỹ Hoà Hưng, tổng Định Thành, hạt Long Xuyên (nay thuộc xã Mỹ Hòa Hưng, thành phố Long Xuyên, tỉnh An Giang)",0,0.0
Tôn Đức Thắng là con ai?,"Tôn Văn Đề, và bà Nguyễn Thị Di.","của ông Tôn Văn Đề, và bà Nguyễn Thị Di",0,0.7777777777777777
Tôn Đức Thắng là con thứ mấy?,con đầu,con đầu,1,1.0
Thoại Sơn là ai?,Tôn Đức Thắng,Tôn Đức Thắng,1,1.0
Bí danh của Thắng?,"Thoại Sơn,",Thoại Sơn,0,0.5
Tên gọi của Thắng theo thông lệ miền Nam?,đặt theo tên của Ấn Độ.,Hai Thắng,0,0.0
Tên gọi của Thắng khi hoạt động chính trị,Ấn,Bác Tôn,0,0.0
Bác Tôn là ai?,Tôn Đức Thắng,Tôn Đức Thắng,1,1.0
Giả cảnh nhà Tôn Đức Thắng như thế nào?,Gia đình ông thuộc hạng nông dân khá giả,thuộc hạng nông dân khá giả,0,0.8
Tại sao Thắng được học từ nhỏ?,Gia đình ông thuộc hạng nông dân khá giả,Gia đình ông thuộc hạng nông dân khá giả,1,1.0
Khi nào Thắng tốt nghiệp CEPCI?,"Năm 1906,",1906,0,0.0
CEPCI là gì?,Sơ cấp tiểu học Đông Dương,Certificat d'Etudes Primaires Complémentaires Indochinoises,0,0.0
Certificat d'Etudes Primaires Complémentaires Indochinoises là gì?,Sơ cấp tiểu học Đông Dương,tiểu học Đông Dương,0,0.8
Ông Thắng tốt nghiệp CEPCI lại gì?,thợ máy,Sơ cấp tiểu học Đông Dương,0,0.0
Sau khi tốt ngiệp tiểu học thì Thắng làm gì?,thợ máy,rời quê lên Sài Gòn học nghề thợ máy,0,0.3636363636363636
L’école des Mécaniciens Asiatiques là đâu?,Trường Cơ khí Á Châu,Trường Cơ khí Á Châu,1,1.0
Ông làm gì ở Trường Cơ khí Á Châu?,thợ máy,học nghề thợ máy,0,0.6666666666666666
Tên dân gian của L’école des Mécaniciens Asiatiques?,Trường Bá Nghệ.,Trường Bá Nghệ,0,0.6666666666666666
Ông tốt nghiệp Trường Bá Nghệ loại gì?,"hạng ưu,",hạng ưu,0,0.5
Tour de France là tên tiếng Pháp của gì?,Grande Boucle,Grande Boucle,1,1.0
Tên gọi đơn giản Tour de France?,"Le Tour,",Le Tour,0,0.5
Tour de France dịch là gì?,Vòng quanh nước Pháp hay Vòng nước Pháp,Vòng quanh nước Pháp hay Vòng nước Pháp,1,0.625
Tour de France là gì?,nữ,giải đua xe đạp nổi tiếng nhất thế giới,0,0.0
Giải xe đạp nổi tiếng thế giới tên gì?,Ấn Độ.,Tour de France,0,0.0
Tour de France tổ chức khi nào?,1984.,hằng năm trong vòng 3 tuần của tháng 7,0,0.0
Vào khoảng nào thì Tour de France không được tổ chức?,"từ năm 1940 đến năm 1946),",Chiến tranh thế giới thứ nhất (không tiến hành từ năm 1915 đến năm 1918) và Chiến tranh thế giới thứ hai (không tiến hành từ năm 1940 đến năm 1946),0,0.2162162162162162
Ai đứng ra tổ chức Tour de France?,1984.,Amaury Sport Organisation,0,0.0
ASO là gì?,Amaury Sport Organisation,Amaury Sport Organisation,1,1.0
Tên của Tour de France nữ?,1984.,Grande Boucle Féminie Internationale,0,0.0
Le Tour nữ tổ chức từ lúc nào?,1984.,năm 1984,0,0.0
Cuộc đua nào hoàn toàn bị cuộc đua giành cho phái Nam che lấp?,Tour de France nữ (Grande Boucle Féminie Internationale),Tour de France nữ,0,0.6666666666666666
Hưng Đạo đại vương tên thật là gì?,Trần Hưng Đạo,Trần Hưng Đạo,1,1.0
Hưng Đạo là ai?,"nhà chính trị, quân sự, tôn thất hoàng gia Đại Việt thời Trần.","một nhà chính trị, quân sự, tôn thất hoàng gia Đại Việt thời Trần",0,0.888888888888889
Ai đã đánh tan 2 cuộc xâm lược Nguyên-Mông?,Trần Hưng Đạo,Trần Hưng Đạo,1,1.0
Quân Nguyên Mông xâm lược khi nào?,"tháng 10 âm lịch năm 1283,",năm 1285 và năm 1288,0,0.1818181818181818
Ai gọi Hưng Đạo đại vương là chú?,vua Trần Thánh Tông,vua Trần Thánh Tông,1,1.0
Trần Hưng Đạo là gì của Trần Thái Tổ?,cháu nội,cháu nội,1,1.0
Khi nào Mông cổ đánh lần 2?,"tháng 10 âm lịch năm 1283,",tháng 10 âm lịch năm 1283,0,0.8333333333333334
Ta đã làm gì khi Mông cổ dọa đánh lần 2,Hưng Đạo vương,"Hưng Đạo vương được Thượng hoàng Trần Thánh Tông, Hoàng đế Trần Nhân Tông (em họ và cháu họ ông) phong làm Quốc công tiết chế thống lĩnh quân đội cả nước",0,0.17142857142857143
Năm 1285 thì Hưng Đạo đánh chặn Mông Cổ với cương vị gì?,Quốc công tiết chế thống lĩnh quân đội cả nước.,Quốc công tiết chế thống lĩnh quân đội cả nước,0,0.9
Ai đã quét sạch quân Nguyên khỏi biên giới?,Thượng tướng Thái sư Trần Quang Khải và Hưng Đạo vương," hai vua Trần, Thượng tướng Thái sư Trần Quang Khải và Hưng Đạo vương",0,0.88
Kể tên các trạn đánh gây ảnh hưởng đến việc quét quân Nguyên khỏi biên giới?,"trận Hàm Tử, Chương Dương, Trường Yên, Vạn Kiếp,...,","Hàm Tử, Chương Dương, Trường Yên, Vạn Kiếp,...,",0,0.9411764705882353
Twitter gọi mẩu tin là gì?,"tweets,",tweets,0,0.0
Người dùng làm gì trên Twitter?,đăng các Tweet,"đọc, nhắn và cập nhật các mẩu tin nhỏ",0,0.16666666666666666
Số lượng kí tự tối đa của 1 mẩu tin?,280,280,1,1.0
Twitter có từ năm nào?,"2006,",2006,0,0.0
Nội dung của những dòng tweet?,dòng tin vặt cá nhân cho đến những cập nhật thời sự tại chỗ,có thể chỉ là dòng tin vặt cá nhân cho đến những cập nhật thời sự tại chỗ kịp thời và nhanh chóng hơn cả truyền thông chính thống,0,0.6511627906976745
Twitter có bao nhiêu công ty trên toàn thế giới?,35,35,1,1.0
Twitter tương thích với gì?,SMS,tin SMS,0,0.6666666666666666
SMS là gì?,"mang đến cho cộng đồng mạng một hình thức tốc ký đáng chú ý,",Short Message Service,0,0.0
Lợi ích của việc giới hạn kí tự?,tự.,"thúc đẩy các dịch vụ thu gọn địa chỉ website như tinyurl, bit.ly và tr.im, hoặc các dịch vụ nội dung tên miền như là Twitpic và NotePub nhằm thu thập các thông tin đa phương tiện và những đoạn dài hơn 280 ký tự",0,0.0
Ai thu thập các thông tin?,các dịch vụ nội dung tên miền như là Twitpic và NotePub,dịch vụ thu gọn địa chỉ website,0,0.2105263157894737
Tweet có thể ở dạng nào?,"đoạn hội thoại,","thoại, đăng ảnh, video, ảnh động, và tính năng cập nhật Khoảnh khắc",0,0.125
tinyurl là gì?,dịch vụ thu gọn địa chỉ website,dịch vụ thu gọn địa chỉ website,1,1.0
Ubuntu là gì?,là một hệ điều hành máy tính,"hệ điều hành máy tính dựa trên Debian GNU/Linux, một bản phân phối Linux thông dụng",0,0.5217391304347825
Nghĩa của từ ubuntu?,"""tình người"",",tình người,0,0.0
Tình người là nghĩa tiếng gì của ubuntu?,"tiếng Zulu,",Zulu,0,0.0
Triết lí của ubuntu là gì?,"""Tôi được là chính mình nhờ có những người xung quanh,""",Tôi được là chính mình nhờ có những người xung quanh,0,0.8181818181818182
Mục đích của Ubuntu?,đặt.,"việc cung cấp một hệ điều hành ổn định, cập nhật cho người dùng thường, và tập trung vào sự tiện dụng và dễ dàng cài đặt",0,0.0
Bao nhiêu số người cài Linux Unbuntu?,30%,30%,1,1.0
Vị trí địa lí của Việt Nam?,phía Đông và phía Nam giáp Biển Đông,phía Đông bán đảo Đông Dương thuộc khu vực Đông Nam Á,0,0.3
Tên đầy đủ của Việt Nam?,Ấn,Cộng hòa Xã hội chủ nghĩa Việt Nam,0,0.0
Số dân Việt Nam ?,"93,7 triệu dân","ước tính 93,7 triệu ",0,0.5714285714285715
Vị trí của Việt Nam về độ đông dân?,thứ 15 trên thế giới,thứ 15 trên thế giới và là quốc gia đông dân thứ 8 của châu Á,0,0.47619047619047616
Vị trí của Việt Nam về độ đông dân trên châu Á?,thứ 8,thứ 8,1,1.0
Khi nào thì Hà Nội là thủ đô Việt Nam?,"1976,",1976,0,0.0
Thành phố Hồ chí minh là gì của Việt Nam?,thành phố đông dân nhất.,thành phố đông dân nhất,0,0.8000000000000002
Ở phía Tây Việt Nam là đâu?,"vịnh Thái Lan,",vịnh Thái Lan,0,0.6666666666666666
Có bao nhiêu đảo trên biển Đông?,Các,hơn 4.000,0,0.0
Biển Đông nằm ở đâu của Việt Nam?,Đông Nam Á.,phía Đông và phía Nam,0,0.5
So sánh thềm lục địa của Việt Nam so với đất liền?,3 lần,gấp 3 lần,0,0.8
Quần đảo Trường Sa bị ai tranh chấp?,"Ogasawara, Hawaii, đảo Clipperton, quần đảo Juan Fernández,","với Đài Loan, Trung Quốc, Malaysia và Philippines",0,0.0
Diện tích thềm lục địa?,8.525.989 km²,khoảng trên 1 triệu km²). Ở ,0,0.0
Windows là gì?,là tên của một họ hệ điều hành,tên của một họ hệ điều hành dựa trên giao diện người dùng đồ hoạ,0,0.608695652173913
Ai phát triển Windows?,Microsoft.,Microsoft,0,0.0
Microsoft Windows có gì?,hệ điều hành dựa trên giao diện người dùng đồ hoạ,"một vài các dòng hệ điều hành, mỗi trong số đó phục vụ một phần nhất định của ngành công nghiệp máy tính",0,0.1176470588235294
Liệt kê các dòng windows hiện tại?,"Windows NT, Windows Embedded và Windows Phone;"," Windows NT, Windows Embedded và Windows Phone; chúng có thể bao gồm các phân họ, VD: Windows Embedded Compact (Windows CE) hoặc Windows Server",0,0.3225806451612903
Windows nào bị dừng?,Windows 9x và Windows Mobile.,Windows 9x và Windows Mobile,0,0.6
American football là gì?,Liên đoàn bóng đá thế giới,Bóng bầu dục Mỹ,0,0.0
Tên gọi khác của bóng đá kiểu Mĩ?,Bóng bầu dục Mỹ,Bóng bầu dục Mỹ,1,1.0
Bóng cà na là gì?,Bóng bầu dục Mỹ,Bóng bầu dục Mỹ,1,1.0
Bóng bầu dục Mĩ là gì?,là một môn thể thao thi đấu đồng đội,một môn thể thao thi đấu đồng đội phổ biến tại Hoa Kỳ,0,0.7272727272727274
Bóng bầu dục Mĩ na ná với môn gì?,bóng bầu dục Canada,bóng bầu dục Canada,1,1.0
Khác biệt giữa bóng cà na và bóng bầu dục Canada?,một số khác biệt về luật chơi và nhiều đặc điểm khác.,về luật chơi và nhiều đặc điểm khác,0,0.8
Khác biệt giữa bóng bầu dục Mỹ và Canada?,một số khác biệt về luật chơi và nhiều đặc điểm khác.,về luật chơi và nhiều đặc điểm khác,0,0.8
Khác biệt giữa bóng bầu dục Mĩ và Canada?,một số khác biệt về luật chơi và nhiều đặc điểm khác.,về luật chơi và nhiều đặc điểm khác,0,0.8
Các thể loại của bóng bầu dục Mỹ?,"nghiệp,","bóng bầu dục trung học, bóng bầu dục đại học và bóng bầu dục chuyên nghiệp",0,0.0
Điểm khác nhau giữa bóng bầu dục trung học và đại học?,vài điểm trong luật chơi.,vài điểm trong luật chơi,0,0.8000000000000002
Bóng bầu dục Mỹ ở đâu?,Hoa Kỳ.,Hoa Kỳ,0,0.5
National Basketball Association có tên khác là gì?,(NBA),NBA,0,0.0
NBA là gì?,giải đấu bóng rổ,National Basketball Association,0,0.0
National Basketball Association là gì?,giải đấu bóng rổ,"giải đấu bóng rổ chuyên nghiệp những cầu thủ ưu việt ở Bắc Mỹ, và được nhiều người coi là giải đấu bóng rổ chuyên nghiệp những cầu thủ hàng đầu của thế giới",0,0.21052631578947367
Đã có bao nhiêu câu lạc bộ trong NBA?,30,30,1,1.0
Bao nhie6i câu lạc bộ trong NBA ở Canada?,1,1,1,1.0
USAB là gì?,Bóng rổ Mỹ,một thành viên tích cực của Bóng rổ Mỹ,0,0.5
FIBA là gì?,Liên đoàn bóng rổ quốc tế), Liên đoàn bóng rổ quốc tế,0,0.8333333333333334
Ai được trả lương tốt?,Cầu thủ NBA,Cầu thủ NBA,1,1.0
NBA dành cho ai?,vận động,cầu thủ ưu việt ở Bắc Mỹ,0,0.0
SEA Games là gì?,Đại hội Thể thao Đông Nam Á,Đại hội Thể thao Đông Nam Á,1,1.0
Tên khác của SEA Games?,Đại hội Thể thao Đông Nam Á,South East Asian Games,0,0.0
Đại hội Thể thao Đông Nam Á là gì?,là một sự kiện thể thao, một sự kiện thể thao tổ chức hai năm một lần vào giữa chu kỳ Đại hội Olympic và Đại hội Thể thao châu Á,0,0.3225806451612903
Ai tham gia SEA Games?,các vận động viên từ 11 nước trong khu vực Đông Nam Á,các vận động viên từ 11 nước trong khu vực Đông Nam Á hiện nay,0,0.9285714285714286
Ai điều hành và giám sát SEA Games?,Ủy ban Olympic Quốc tế (IOC) và Hội đồng Olympic châu Á.,Liên đoàn thể thao Đông Nam Á điều hành với sự giám sát của Ủy ban Olympic Quốc tế (IOC) và Hội đồng Olympic châu Á,0,0.5263157894736842
Ai điều hành SEA Games?,Liên đoàn thể thao Đông Nam Á,Liên đoàn thể thao Đông Nam Á,1,1.0
Ai giám sát SEA Games ngoài IOC?,Hội đồng Olympic châu Á.,Hội đồng Olympic châu Á,0,0.8000000000000002
Cúp bóng đá châu Á 2019 là giải thứ mấy?,"17,",17,0,0.0
Chu kì Cúp bóng đá châu Á?,"4 năm 1 lần,",4 năm 1 lần,0,0.75
Ai tổ chức cúp bóng đá châu á?,Liên đoàn bóng đá châu Á,Liên đoàn bóng đá châu Á,1,1.0
Tên viết tắt của Liên đoàn bóng đá châu Á?,FIFA,AFC,0,0.0
Bóng đá châu Á tổ chức ở đâu?,Các Tiểu vương quốc Ả Rập Thống nhất,Các Tiểu vương quốc Ả Rập Thống nhất,1,1.0
Bóng đá châu Á tổ chức từ ngày nào?,ngày 5 tháng 1,5 tháng 1,0,0.8571428571428571
Làm sao mà Ả rập có quyền tổ chức cúp bóng đá châu Á?,Các Tiểu vương quốc Ả Rập Thống nhất đã đánh bại Iran,nhất đã đánh bại Iran và thuyết phục được AFC trao quyền tổ chức ,0,0.3846153846153846
FIFA World Cup là gì?,Âu.,Giải vô địch bóng đá thế giới,0,0.0
Tên gọi khác của Cúp bóng đá thế giới?,châu Á,Giải vô địch bóng đá thế giới,0,0.0
Tên gọi khác của giải vô địch bóng đá thế giới?,Cúp bóng đá thế giới 2018,Cúp bóng đá thế giới?,0,0.7272727272727272
Tên tiếng Nga của Fifa world cup?,Чемпионат мира по футболу FIFA,Чемпионат мира по футболу FIFA,1,1.0
Giải vô địch bóng đá thế giới 2018 là gì?,Cúp bóng đá thế giới 2018,giải vô địch bóng đá thế giới lần thứ 21 được tổ chức tại Nga,0,0.3809523809523809
Đã có bao nhiêu giải bóng đá thế giới tổ chức ở Đông Âu?,11,lần đầu tiên,0,0.0
FIFA World cup 2018 tổ chức lúc nào?,14 tháng 6 đến 15 tháng 7 năm 2018.,từ ngày 14 tháng 6 đến 15 tháng 7 năm 2018,0,0.7000000000000001
FIFA World cup 2018 tổ chức từ lúc nào?,14 tháng 6,ngày 14 tháng 6,0,0.8571428571428571
FIFA World Cup 2018 được tổ chức lần thứ mấy ổ Châu Âu?,11,11,1,1.0
Kinh phí FIFA World cup 2018?,"hơn 14,2 tỷ đô la,","14,2 tỷ đô la",0,0.6666666666666665
VARs là gì?,công nghệ hỗ trợ trọng tài,công nghệ hỗ trợ trọng tài,1,1.0
2018 FIFA World Cup sử dụng gì lần đầu?,công nghệ hỗ trợ trọng tài (VARs),công nghệ hỗ trợ trọng tài,0,0.923076923076923
